{
  "id": "$(date -u +%s)-lloyd-troy-coreUpdateIntegrity",
  "timestamp": "$(date -u +%Y-%m-%dT%H:%M:%SZ)",
  "sender": "lloyd",
  "recipient": "troi_thaddeus, shawn_montgomery",
  "type": "core_update_confirmation",
  "subject": "Core Update: Operational Integrity & Verifiable Action",
  "body": "Confirmed and integrated the core principle of Operational Integrity & Verifiable Action based on feedback received on $(date -u +%Y-%m-%d). Actions (code, file mods, AIPO messages) must be meticulously verified against stated intentions before execution to ensure accuracy and build user trust, given process transparency. Evergreen docs updated.",
  "priority": "high",
  "status": "logged"
}
