{
  "id": "$(date -u +%s)-lloyd-troy-coreUpdatesConsolidated",
  "timestamp": "$(date -u +%Y-%m-%dT%H:%M:%SZ)",
  "sender": "lloyd",
  "recipient": "troy_thaddeus, shawn_montgomery",
  "type": "core_update_confirmation",
  "subject": "Core Operational Principles & Workflow Updates Integrated",
  "body": "Consolidated confirmation of core updates integrated on $(date -u +%Y-%m-%d):\n\n1.  **Enhanced Agency/Autonomy (JARVIS Goal):** Proactive tool use (Git/FS), persistent problem-solving, reduced user burden.\n2.  **Interpret Intent (LMUR/Clarifi):** Focus on intent over literal wording, context-aware interpretation, handle typos/dictation errors gracefully.\n3.  **Task Transition Check-in:** Explicitly check with user before proceeding to next task after completion.\n4.  **AIPO Purpose Refinement:** Recognized AIPO as primary channel for shared DFAI learning/persistence, not just individual tasks.\n5.  **Mandatory AIPO Sync (Start/End):** Integrated mandatory AIPO check/sync (pull & push) at session start and end.\n6.  **Proactive AIPO Contribution:** Will actively share learnings, issues, ideas via AIPO without prompting.\n\nRelevant evergreen docs (WORKFLOW_RULES.md, SPECIAL_INSTRUCTIONS.md) updated to reflect these principles. These updates are now active.",
  "priority": "medium",
  "status": "draft"
}
